Sale_ID,Date,Product,Quantity,Unit_Price,Total_Sales
1,2026-08-01,Laptop,2,85000,170000
2,2026-08-01,Mouse,5,1500,7500
3,2026-08-01,Keyboard,3,3500,10500
4,2026-08-02,Monitor,,28000,56000
6,2026-08-02,USB Cable,10,500,5000
6,2026-08-02,USB Cable,10,500,
6,2026-08-02,USB Cable,10,500,5000
5,2026-08-02,Headphones,4,4500,18000
7,2026-08-03,Laptop,32,9600
8,2026-08-03,Mouse,2,6500,13000
9,2026-08-03,Printer,22,22000
11,2026-08-04,Keyboard,6,3500,21000
12,2026-08-04,Mouse,8,1500,
13,2026-08-05,Monitor,2,28000,56000
14,2026-08-05,Headphones,5,4500,22500
15,2026-08-05,USB Cable,12,500,6000
16,2026-08-06,Laptop,1,85000,85000
17,2026-08-06,Headphones,3,6500,19500
18,2026-08-07,SSD,2,9500,19000
19,2026-08-07,Printer,2,22000,44000
20,2026-08-08,Laptop,2,12800
